"Coalizione","Dove","Partito","Circoscrizione","Collegio Uninominale","Città principale","Candidato"
"Centrodestra","Camera dei deputati","-","Abruzzo","Abruzzo - U01","Chieti","Alberto Bagnai"
"Centrodestra","Camera dei deputati","-","Abruzzo","Abruzzo - U02","Pescara","Guerino Testa"
"Centrodestra","Camera dei deputati","-","Abruzzo","Abruzzo - U03","L'Aquila","Giorgia Meloni"
"Centrodestra","Camera dei deputati","-","Basilicata","Basilicata - U01","Potenza","Salvatore Caiata"
"Centrodestra","Camera dei deputati","-","Calabria","Calabria - U01","Corigliano-Rossano","Domenico Furgiuele"
"Centrodestra","Camera dei deputati","-","Calabria","Calabria - U02","Cosenza","Andrea Gentile"
"Centrodestra","Camera dei deputati","-","Calabria","Calabria - U03","Catanzaro","Wanda Ferro"
"Centrodestra","Camera dei deputati","-","Calabria","Calabria - U04","Vibo Valentia","Giovanni Arruzzolo"
"Centrodestra","Camera dei deputati","-","Calabria","Calabria - U05","Reggio di Calabria","Francesco Cannizzaro"
"Centrodestra","Camera dei deputati","-","Campania 1","Campania 1 - U01","Giugliano in Campania","Domenico Brescia"
"Centrodestra","Camera dei deputati","-","Campania 1","Campania 1 - U02","Napoli: Quartiere 19 -
Fuorigrotta","Mariarosaria Rossi"
"Centrodestra","Camera dei deputati","-","Campania 1","Campania 1 - U03","Napoli: Quartiere 7 - San Carlo
all'Arena","Giuseppe Pecoraro"
"Centrodestra","Camera dei deputati","-","Campania 1","Campania 1 - U04","Casoria","Monica Maisto"
"Centrodestra","Camera dei deputati","-","Campania 1","Campania 1 - U05","Acerra","Maria Concetta
Donnarumma"
"Centrodestra","Camera dei deputati","-","Campania 1","Campania 1 - U06","Somma Vesuviana","Marta Schifone"
"Centrodestra","Camera dei deputati","-","Campania 1","Campania 1 - U07","Torre del Greco","Annarita Patriarca"
"Centrodestra","Camera dei deputati","-","Campania 2","Campania 2 - U01","Aversa","Gerolamo Canciano"
"Centrodestra","Camera dei deputati","-","Campania 2","Campania 2 - U02","Caserta","Carmen Letizia Giorgianni"
"Centrodestra","Camera dei deputati","-","Campania 2","Campania 2 - U03","Benevento","Francesco Maria Rubano"
"Centrodestra","Camera dei deputati","-","Campania 2","Campania 2 - U04","Avellino","Gianfranco Rotondi"
"Centrodestra","Camera dei deputati","-","Campania 2","Campania 2 - U05","Scafati","Maria Immacolata Vietri"
"Centrodestra","Camera dei deputati","-","Campania 2","Campania 2 - U06","Salerno","Giuseppe Bicchielli"
"Centrodestra","Camera dei deputati","-","Campania 2","Campania 2 - U07","Eboli","Attilio Pierro"
"Centrodestra","Camera dei deputati","-","Emilia-Romagna","Emilia-Romagna - U01","Piacenza","Tommaso Foti"
"Centrodestra","Camera dei deputati","-","Emilia-Romagna","Emilia-Romagna - U02","Parma","Laura Cavandoli"
"Centrodestra","Camera dei deputati","-","Emilia-Romagna","Emilia-Romagna - U03","Reggio nell'Emilia","Roberta Rigon"
"Centrodestra","Camera dei deputati","-","Emilia-Romagna","Emilia-Romagna - U04","Modena","Daniela Dondi"
"Centrodestra","Camera dei deputati","-","Emilia-Romagna","Emilia-Romagna - U05","Imola","Benedetta Fiorini"
"Centrodestra","Camera dei deputati","-","Emilia-Romagna","Emilia-Romagna - U06","Bologna","Dalila Jolanda Ansalone"
"Centrodestra","Camera dei deputati","-","Emilia-Romagna","Emilia-Romagna - U07","Carpi","Giuseppe Galati"
"Centrodestra","Camera dei deputati","-","Emilia-Romagna","Emilia-Romagna - U08","Ravenna","Alice Buonguerrieri"
"Centrodestra","Camera dei deputati","-","Emilia-Romagna","Emilia-Romagna - U09","Ferrara","Mauro Malaguti"
"Centrodestra","Camera dei deputati","-","Emilia-Romagna","Emilia-Romagna - U10","Forlì","Gloria Saccani"
"Centrodestra","Camera dei deputati","-","Emilia-Romagna","Emilia-Romagna - U11","Rimini","Jacopo Morrone"
"Centrodestra","Camera dei deputati","-","Friuli-Venezia Giulia","Friuli-Venezia Giulia - U01","Pordenone","Vannia Gava"
"Centrodestra","Camera dei deputati","-","Friuli-Venezia Giulia","Friuli-Venezia Giulia - U02","Udine","Walter Rizzetto"
"Centrodestra","Camera dei deputati","-","Friuli-Venezia Giulia","Friuli-Venezia Giulia - U03","Trieste","Massimiliano Panizzut"
"Centrodestra","Camera dei deputati","-","Lazio 1","Lazio 1 - U01","Roma: Municipio I","Maria Spena"
"Centrodestra","Camera dei deputati","-","Lazio 1","Lazio 1 - U02","Roma: Municipio III","Simonetta Matone"
"Centrodestra","Camera dei deputati","-","Lazio 1","Lazio 1 - U03","Roma: Municipio V","Fabio Rampelli"
"Centrodestra","Camera dei deputati","-","Lazio 1","Lazio 1 - U04","Roma: Municipio VII","Maria Teresa Bellucci"
"Centrodestra","Camera dei deputati","-","Lazio 1","Lazio 1 - U05","Roma: Municipio X","Alessandro Battilocchio"
"Centrodestra","Camera dei deputati","-","Lazio 1","Lazio 1 - U06","Roma: Municipio XI","Luciano Ciocchetti"
"Centrodestra","Camera dei deputati","-","Lazio 1","Lazio 1 - U07","Roma: Municipio XIV","Federico Freni"
"Centrodestra","Camera dei deputati","-","Lazio 1","Lazio 1 - U08","Velletri","Antonio Tajani"
"Centrodestra","Camera dei deputati","-","Lazio 1","Lazio 1 - U09","Guidonia Montecelio","Alessandro Palombi"
"Centrodestra","Camera dei deputati","-","Lazio 2","Lazio 2 - U01","Viterbo","Mauro Rotelli"
"Centrodestra","Camera dei deputati","-","Lazio 2","Lazio 2 - U02","Rieti","Paolo Trancassini"
"Centrodestra","Camera dei deputati","-","Lazio 2","Lazio 2 - U03","Latina","Chiara Colosimo"
"Centrodestra","Camera dei deputati","-","Lazio 2","Lazio 2 - U04","Frosinone","Massimo Ruspandini"
"Centrodestra","Camera dei deputati","-","Lazio 2","Lazio 2 - U05","Terracina","Nicola Ottaviani"
"Centrodestra","Camera dei deputati","-","Liguria","Liguria - U01","Savona","Edoardo Rixi"
"Centrodestra","Camera dei deputati","-","Liguria","Liguria - U02","Genova: Municipio VII -
Ponente","Ilaria Cavo"
"Centrodestra","Camera dei deputati","-","Liguria","Liguria - U03","Genova: Municipio I - Centro
Est","Sandro Mario Biasotti"
"Centrodestra","Camera dei deputati","-","Liguria","Liguria - U04","La Spezia","Angelo Francesco Dulbecco"
"Centrodestra","Camera dei deputati","-","Lombardia 1","Lombardia 1 - U01","Monza","Paola Frassinetti"
"Centrodestra","Camera dei deputati","-","Lombardia 1","Lombardia 1 - U02","Seregno","Andrea Crippa"
"Centrodestra","Camera dei deputati","-","Lombardia 1","Lombardia 1 - U03","Cologno Monzese","Lucrezia M. B. Mantovani"
"Centrodestra","Camera dei deputati","-","Lombardia 1","Lombardia 1 - U04","Rozzano","Riccardo De Corato"
"Centrodestra","Camera dei deputati","-","Lombardia 1","Lombardia 1 - U05","Legnano","Laura Ravetto"
"Centrodestra","Camera dei deputati","-","Lombardia 1","Lombardia 1 - U06","Sesto San Giovanni","Marco Osnato"
"Centrodestra","Camera dei deputati","-","Lombardia 1","Lombardia 1 - U07","Milano: NIL 20 - Loreto","Andrea Mandelli"
"Centrodestra","Camera dei deputati","-","Lombardia 1","Lombardia 1 - U08","Milano: NIL 52 - Bande Nere","Cristina Rossello"
"Centrodestra","Camera dei deputati","-","Lombardia 1","Lombardia 1 - U09","Milano: NIL 21 - Buenos Aires -
Venezia","Giulio Tremonti"
"Centrodestra","Camera dei deputati","-","Lombardia 2","Lombardia 2 - U01","Varese","Andrea Pellicini"
"Centrodestra","Camera dei deputati","-","Lombardia 2","Lombardia 2 - U02","Busto Arsizio","Stefano Candiani"
"Centrodestra","Camera dei deputati","-","Lombardia 2","Lombardia 2 - U03","Como","Nicola Molteni"
"Centrodestra","Camera dei deputati","-","Lombardia 2","Lombardia 2 - U04","Sondrio","Giancarlo Giorgetti"
"Centrodestra","Camera dei deputati","-","Lombardia 2","Lombardia 2 - U05","Lecco","Maurizio Enzo Lupi"
"Centrodestra","Camera dei deputati","-","Lombardia 3","Lombardia 3 - U01","Treviglio","Alessandro Sorte"
"Centrodestra","Camera dei deputati","-","Lombardia 3","Lombardia 3 - U02","Bergamo","Rebecca Frassini"
"Centrodestra","Camera dei deputati","-","Lombardia 3","Lombardia 3 - U03","Lumezzane","Simona Bordonali"
"Centrodestra","Camera dei deputati","-","Lombardia 3","Lombardia 3 - U04","Brescia","Maurizio Casasco"
"Centrodestra","Camera dei deputati","-","Lombardia 3","Lombardia 3 - U05","Desenzano del Garda","Giangiacomo Calovini"
"Centrodestra","Camera dei deputati","-","Lombardia 4","Lombardia 4 - U01","Pavia","Alessandro Cattaneo"
"Centrodestra","Camera dei deputati","-","Lombardia 4","Lombardia 4 - U02","Lodi","Carmine Fabio Raimondo"
"Centrodestra","Camera dei deputati","-","Lombardia 4","Lombardia 4 - U03","Cremona","Silvana Andreina Comaroli"
"Centrodestra","Camera dei deputati","-","Lombardia 4","Lombardia 4 - U04","Mantova","Andrea Dara"
"Centrodestra","Camera dei deputati","-","Marche","Marche - U01","Ascoli Piceno","Francesco Battistoni"
"Centrodestra","Camera dei deputati","-","Marche","Marche - U02","Macerata","Giorgia Latini"
"Centrodestra","Camera dei deputati","-","Marche","Marche - U03","Ancona","Stefano M. Benvenuti
Gostoli"
"Centrodestra","Camera dei deputati","-","Marche","Marche - U04","Pesaro","Mirco Carloni"
"Centrodestra","Camera dei deputati","-","Molise","Molise - U01","Campobasso","Lorenzo Cesa"
"Centrodestra","Camera dei deputati","-","Circoscrizione","Collegio Uninominale","Città principale","Candidato"
"Centrodestra","Camera dei deputati","-","Piemonte 1","Piemonte 1 - U01","Torino: Circoscrizione 2","Elena Chiorino"
"Centrodestra","Camera dei deputati","-","Piemonte 1","Piemonte 1 - U02","Torino: Circoscrizione 3","Augusta Montaruli"
"Centrodestra","Camera dei deputati","-","Piemonte 1","Piemonte 1 - U03","Collegno","Elena Maccanti"
"Centrodestra","Camera dei deputati","-","Piemonte 1","Piemonte 1 - U04","Chieri","Alessandro Giglio Vigna"
"Centrodestra","Camera dei deputati","-","Piemonte 1","Piemonte 1 - U05","Moncalieri","Roberto Pella"
"Centrodestra","Camera dei deputati","-","Piemonte 2","Piemonte 2 - U01","Alessandria","Riccardo Molinari"
"Centrodestra","Camera dei deputati","-","Piemonte 2","Piemonte 2 - U02","Novara","Alberto Luigi Gusmeroli"
"Centrodestra","Camera dei deputati","-","Piemonte 2","Piemonte 2 - U03","Vercelli","Andrea Delmastro Delle
Vedove"
"Centrodestra","Camera dei deputati","-","Piemonte 2","Piemonte 2 - U04","Asti","Marcello Coppo"
"Centrodestra","Camera dei deputati","-","Piemonte 2","Piemonte 2 - U05","Cuneo","Monica Ciaburro"
"Centrodestra","Camera dei deputati","-","Puglia","Puglia - U01","Foggia","Eugenia Maria Roccella"
"Centrodestra","Camera dei deputati","-","Puglia","Puglia - U02","Cerignola","Giacomo Diego detto
Giandiego Gatta"
"Centrodestra","Camera dei deputati","-","Puglia","Puglia - U03","Andria","Mariangela Matera"
"Centrodestra","Camera dei deputati","-","Puglia","Puglia - U04","Molfetta","Rita Dalla Chiesa"
"Centrodestra","Camera dei deputati","-","Puglia","Puglia - U05","Bari","Davide Bellomo"
"Centrodestra","Camera dei deputati","-","Puglia","Puglia - U06","Altamura","Rossano Sasso"
"Centrodestra","Camera dei deputati","-","Puglia","Puglia - U07","Brindisi","Mauro D'Attis"
"Centrodestra","Camera dei deputati","-","Puglia","Puglia - U08","Taranto","Dario Iaia"
"Centrodestra","Camera dei deputati","-","Puglia","Puglia - U09","Lecce","Saverio Congedo"
"Centrodestra","Camera dei deputati","-","Puglia","Puglia - U10","Galatina","Alessandro Colucci"
"Centrodestra","Camera dei deputati","-","Sardegna","Sardegna - U01","Cagliari","Ugo Cappellacci"
"Centrodestra","Camera dei deputati","-","Sardegna","Sardegna - U02","Carbonia","Gianni Lampis"
"Centrodestra","Camera dei deputati","-","Sardegna","Sardegna - U03","Nuoro","Barbara Polo"
"Centrodestra","Camera dei deputati","-","Sardegna","Sardegna - U04","Sassari","Dario Giagoni"
"Centrodestra","Camera dei deputati","-","Sicilia 1","Sicilia 1 - U01","Palermo: Quartiere 11 -
Settecannoli","Gabriella Giammanco"
"Centrodestra","Camera dei deputati","-","Sicilia 1","Sicilia 1 - U02","Palermo: Quartiere 20 -
Resuttana - S. Lorenzo","Maria Carolina Varchi"
"Centrodestra","Camera dei deputati","-","Sicilia 1","Sicilia 1 - U03","Bagheria","Francesco Saverio Romano"
"Centrodestra","Camera dei deputati","-","Sicilia 1","Sicilia 1 - U04","Gela","Michela Vittoria Brambilla"
"Centrodestra","Camera dei deputati","-","Sicilia 1","Sicilia 1 - U05","Agrigento","Calogero Pisano"
"Centrodestra","Camera dei deputati","-","Sicilia 1","Sicilia 1 - U06","Marsala","Marta Antonia Fascina"
"Centrodestra","Camera dei deputati","-","Sicilia 2","Sicilia 2 - U01","Ragusa","Antonino Minardo"
"Centrodestra","Camera dei deputati","-","Sicilia 2","Sicilia 2 - U02","Catania","Valeria Carmela Maria
Sudano"
"Centrodestra","Camera dei deputati","-","Sicilia 2","Sicilia 2 - U03","Acireale","Francesco M. S. Ciancitto"
"Centrodestra","Camera dei deputati","-","Sicilia 2","Sicilia 2 - U04","Siracusa","Giovanni Luca Cannata"
"Centrodestra","Camera dei deputati","-","Sicilia 2","Sicilia 2 - U05","Barcellona Pozzo di Gotto","Tommaso Antonino
Calderone"
"Centrodestra","Camera dei deputati","-","Sicilia 2","Sicilia 2 - U06","Messina","Matilde Siracusano"
"Centrodestra","Camera dei deputati","-","Toscana","Toscana - U01","Grosseto","Fabrizio Rossi"
"Centrodestra","Camera dei deputati","-","Toscana","Toscana - U02","Massa","Elisa Montemagni"
"Centrodestra","Camera dei deputati","-","Toscana","Toscana - U03","Lucca","Riccardo Zucconi"
"Centrodestra","Camera dei deputati","-","Toscana","Toscana - U04","Pisa","Edoardo Ziello"
"Centrodestra","Camera dei deputati","-","Toscana","Toscana - U05","Livorno","Chiara Tenerini"
"Centrodestra","Camera dei deputati","-","Toscana","Toscana - U06","Prato","Erica Mazzetti"
"Centrodestra","Camera dei deputati","-","Toscana","Toscana - U07","Firenze","Angela Sirello"
"Centrodestra","Camera dei deputati","-","Toscana","Toscana - U08","Scandicci","Chiara Mazzei"
"Centrodestra","Camera dei deputati","-","Toscana","Toscana - U09","Arezzo","Tiziana Nisini"
"Centrodestra","Camera dei deputati","-","Circoscrizione","Collegio Uninominale","Città principale","Candidato"
"Centrodestra","Camera dei deputati","-","Trentino-Alto Adige/Südtirol","Trentino-Alto Adige/Südtirol -
U01","Trento","Andrea De Bertoldi"
"Centrodestra","Camera dei deputati","-","Trentino-Alto Adige/Südtirol","Trentino-Alto Adige/Südtirol -
U02","Rovereto","Vanessa Cattoi"
"Centrodestra","Camera dei deputati","-","Trentino-Alto Adige/Südtirol","Trentino-Alto Adige/Südtirol -
U03","Bolzano/Bozen","Sabrina Adami"
"Centrodestra","Camera dei deputati","-","Trentino-Alto Adige/Südtirol","Trentino-Alto Adige/Südtirol -
U04","Bressanone/Brixen","Paola Binetti"
"Centrodestra","Camera dei deputati","-","Umbria","Umbria - U01","Terni","Raffaele Nevi"
"Centrodestra","Camera dei deputati","-","Umbria","Umbria - U02","Perugia","Virginio Caparvi"
"Centrodestra","Camera dei deputati","-","Valle d'Aosta/Vallée d'Aoste","Valle d'aosta/Vallée d'Aoste -
U01","Aosta","Emily Rini"
"Centrodestra","Camera dei deputati","-","Veneto 1","Veneto 1 - U01","Venezia","Martina Semenzato"
"Centrodestra","Camera dei deputati","-","Veneto 1","Veneto 1 - U02","Chioggia","Giorgia Andreuzza"
"Centrodestra","Camera dei deputati","-","Veneto 1","Veneto 1 - U03","Treviso","Carlo Nordio"
"Centrodestra","Camera dei deputati","-","Veneto 1","Veneto 1 - U04","Castelfranco Veneto","Dimitri Coin"
"Centrodestra","Camera dei deputati","-","Veneto 1","Veneto 1 - U05","Belluno","Ingrid Bisa"
"Centrodestra","Camera dei deputati","-","Veneto 2","Veneto 2 - U01","Rovigo","Alberto Stefani"
"Centrodestra","Camera dei deputati","-","Veneto 2","Veneto 2 - U02","Selvazzano Dentro","Massimo Bitonci"
"Centrodestra","Camera dei deputati","-","Veneto 2","Veneto 2 - U03","Padova","Elisabetta Gardini"
"Centrodestra","Camera dei deputati","-","Veneto 2","Veneto 2 - U04","Bassano del Grappa","Silvio Giovine"
"Centrodestra","Camera dei deputati","-","Veneto 2","Veneto 2 - U05","Vicenza","Maria Cristina Caretta"
"Centrodestra","Camera dei deputati","-","Veneto 2","Veneto 2 - U06","Verona","Lorenzo Fontana"
"Centrodestra","Camera dei deputati","-","Veneto 2","Veneto 2 - U07","Villafranca di Verona","Ciro Maschio"
"Centrosinistra","Camera dei deputati","-","Abruzzo","Abruzzo - U01","Chieti","Elisabetta Merlino"
"Centrosinistra","Camera dei deputati","-","Abruzzo","Abruzzo - U02","Pescara","Luciano Di Lorito"
"Centrosinistra","Camera dei deputati","-","Abruzzo","Abruzzo - U03","L'Aquila","Rita Innocenzi"
"Centrosinistra","Camera dei deputati","-","Basilicata","Basilicata - U01","Potenza","Francesco Pietrantuono"
"Centrosinistra","Camera dei deputati","-","Calabria","Calabria - U01","Corigliano-Rossano","Giovanni Papasso"
"Centrosinistra","Camera dei deputati","-","Calabria","Calabria - U02","Cosenza","Vittorio Pecorato"
"Centrosinistra","Camera dei deputati","-","Calabria","Calabria - U03","Catanzaro","Giuseppina Iemma"
"Centrosinistra","Camera dei deputati","-","Calabria","Calabria - U04","Vibo Valentia","Dalila Nesci"
"Centrosinistra","Camera dei deputati","-","Calabria","Calabria - U05","Reggio di Calabria","Domenico Battaglia"
"Centrosinistra","Camera dei deputati","-","Campania 1","Campania 1 - U01","Giugliano in Campania","Fiorella Zabatta"
"Centrosinistra","Camera dei deputati","-","Campania 1","Campania 1 - U02","Napoli: Quartiere 19 -
Fuorigrotta","Luigi Di Maio"
"Centrosinistra","Camera dei deputati","-","Campania 1","Campania 1 - U03","Napoli: Quartiere 7 - San Carlo
all'Arena","Fabrizio Ferrandelli"
"Centrosinistra","Camera dei deputati","-","Campania 1","Campania 1 - U04","Casoria","Vincenzo Spadafora"
"Centrosinistra","Camera dei deputati","-","Campania 1","Campania 1 - U05","Acerra","Paolo Siani"
"Centrosinistra","Camera dei deputati","-","Campania 1","Campania 1 - U06","Somma Vesuviana","Enzo Peluso"
"Centrosinistra","Camera dei deputati","-","Campania 1","Campania 1 - U07","Torre del Greco","Sandro Ruotolo"
"Centrosinistra","Camera dei deputati","-","Campania 2","Campania 2 - U01","Aversa","Vincenzo Santagata"
"Centrosinistra","Camera dei deputati","-","Campania 2","Campania 2 - U02","Caserta","Liliana Trovato"
"Centrosinistra","Camera dei deputati","-","Campania 2","Campania 2 - U03","Benevento","Antonella Pepe"
"Centrosinistra","Camera dei deputati","-","Campania 2","Campania 2 - U04","Avellino","Maurizio Petracca"
"Centrosinistra","Camera dei deputati","-","Campania 2","Campania 2 - U05","Scafati","Paola Lanzara"
"Centrosinistra","Camera dei deputati","-","Campania 2","Campania 2 - U06","Salerno","Fulvio Bonavitacola"
"Centrosinistra","Camera dei deputati","-","Campania 2","Campania 2 - U07","Eboli","Luca Cascone"
"Centrosinistra","Camera dei deputati","-","Emilia-Romagna","Emilia-Romagna - U01","Piacenza","Beatrice Ghetti"
"Centrosinistra","Camera dei deputati","-","Emilia-Romagna","Emilia-Romagna - U02","Parma","Michele Vanolli"
"Centrosinistra","Camera dei deputati","-","Emilia-Romagna","Emilia-Romagna - U03","Reggio nell'Emilia","Ilenia Malavasi"
"Centrosinistra","Camera dei deputati","-","Emilia-Romagna","Emilia-Romagna - U04","Modena","Aboubakar Soumahoro"
"Centrosinistra","Camera dei deputati","-","Emilia-Romagna","Emilia-Romagna - U05","Imola","Angelo Bonelli"
"Centrosinistra","Camera dei deputati","-","Emilia-Romagna","Emilia-Romagna - U06","Bologna","Virginio Merola"
"Centrosinistra","Camera dei deputati","-","Emilia-Romagna","Emilia-Romagna - U07","Carpi","Andrea De Maria"
"Centrosinistra","Camera dei deputati","-","Emilia-Romagna","Emilia-Romagna - U08","Ravenna","Ouidad Bakkali"
"Centrosinistra","Camera dei deputati","-","Emilia-Romagna","Emilia-Romagna - U09","Ferrara","Paola Boldrini"
"Centrosinistra","Camera dei deputati","-","Emilia-Romagna","Emilia-Romagna - U10","Forlì","Massimo Bulbi"
"Centrosinistra","Camera dei deputati","-","Emilia-Romagna","Emilia-Romagna - U11","Rimini","Andrea Gnassi"
"Centrosinistra","Camera dei deputati","-","Friuli-Venezia Giulia","Friuli-Venezia Giulia - U01","Pordenone","Gloria Favret"
"Centrosinistra","Camera dei deputati","-","Friuli-Venezia Giulia","Friuli-Venezia Giulia - U02","Udine","Manuela Celotti"
"Centrosinistra","Camera dei deputati","-","Friuli-Venezia Giulia","Friuli-Venezia Giulia - U03","Trieste","Caterina Conti"
"Centrosinistra","Camera dei deputati","-","Lazio 1","Lazio 1 - U01","Roma: Municipio I","Paolo Ciani"
"Centrosinistra","Camera dei deputati","-","Lazio 1","Lazio 1 - U02","Roma: Municipio III","Enzo Foschi"
"Centrosinistra","Camera dei deputati","-","Lazio 1","Lazio 1 - U03","Roma: Municipio V","Rossella Muroni"
"Centrosinistra","Camera dei deputati","-","Lazio 1","Lazio 1 - U04","Roma: Municipio VII","Roberto Morassut"
"Centrosinistra","Camera dei deputati","-","Lazio 1","Lazio 1 - U05","Roma: Municipio X","Patrizia Prestipino"
"Centrosinistra","Camera dei deputati","-","Lazio 1","Lazio 1 - U06","Roma: Municipio XI","Claudio Mancini"
"Centrosinistra","Camera dei deputati","-","Lazio 1","Lazio 1 - U07","Roma: Municipio XIV","Carlo Romano"
"Centrosinistra","Camera dei deputati","-","Lazio 1","Lazio 1 - U08","Velletri","Lina Giannino"
"Centrosinistra","Camera dei deputati","-","Lazio 1","Lazio 1 - U09","Guidonia Montecelio","Marco Vincenzi"
"Centrosinistra","Camera dei deputati","-","Lazio 2","Lazio 2 - U01","Viterbo","Linda Ferretti"
"Centrosinistra","Camera dei deputati","-","Lazio 2","Lazio 2 - U02","Rieti","Alessandra Clementini"
"Centrosinistra","Camera dei deputati","-","Lazio 2","Lazio 2 - U03","Latina","Tommaso Malandruccolo"
"Centrosinistra","Camera dei deputati","-","Lazio 2","Lazio 2 - U04","Frosinone","Andrea Turriziani"
"Centrosinistra","Camera dei deputati","-","Lazio 2","Lazio 2 - U05","Terracina","Rita Visini"
"Centrosinistra","Camera dei deputati","-","Liguria","Liguria - U01","Savona","Marina Lombardi"
"Centrosinistra","Camera dei deputati","-","Liguria","Liguria - U02","Genova: Municipio VII -
Ponente","Katia Piccardo"
"Centrosinistra","Camera dei deputati","-","Liguria","Liguria - U03","Genova: Municipio I - Centro
Est","Luca Pastorino"
"Centrosinistra","Camera dei deputati","-","Liguria","Liguria - U04","La Spezia","Daniele Montebello"
"Centrosinistra","Camera dei deputati","-","Lombardia 1","Lombardia 1 - U01","Monza","Giovanna Amodio"
"Centrosinistra","Camera dei deputati","-","Lombardia 1","Lombardia 1 - U02","Seregno","Jenny Arienti"
"Centrosinistra","Camera dei deputati","-","Lombardia 1","Lombardia 1 - U03","Cologno Monzese","Paolo Romano"
"Centrosinistra","Camera dei deputati","-","Lombardia 1","Lombardia 1 - U04","Rozzano","Ilaria Ramoni"
"Centrosinistra","Camera dei deputati","-","Lombardia 1","Lombardia 1 - U05","Legnano","Sara Bettinelli"
"Centrosinistra","Camera dei deputati","-","Lombardia 1","Lombardia 1 - U06","Sesto San Giovanni","Matteo Mangili"
"Centrosinistra","Camera dei deputati","-","Lombardia 1","Lombardia 1 - U07","Milano: NIL 20 - Loreto","Bruno Tabacci"
"Centrosinistra","Camera dei deputati","-","Lombardia 1","Lombardia 1 - U08","Milano: NIL 52 - Bande Nere","Gianfranco Librandi"
"Centrosinistra","Camera dei deputati","-","Lombardia 1","Lombardia 1 - U09","Milano: NIL 21 - Buenos Aires -
Venezia","Benedetto Della Vedova"
"Centrosinistra","Camera dei deputati","-","Lombardia 2","Lombardia 2 - U01","Varese","Matteo Capriolo"
"Centrosinistra","Camera dei deputati","-","Lombardia 2","Lombardia 2 - U02","Busto Arsizio","Federica Gasbarro"
"Centrosinistra","Camera dei deputati","-","Lombardia 2","Lombardia 2 - U03","Como","Luca Monti"
"Centrosinistra","Camera dei deputati","-","Lombardia 2","Lombardia 2 - U04","Sondrio","Valeria Caterico Duico"
"Centrosinistra","Camera dei deputati","-","Lombardia 2","Lombardia 2 - U05","Lecco","Laura Bartesaghi"
"Centrosinistra","Camera dei deputati","-","Lombardia 3","Lombardia 3 - U01","Treviglio","Gabriele Giudici"
"Centrosinistra","Camera dei deputati","-","Lombardia 3","Lombardia 3 - U02","Bergamo","Valentina Ceruti"
"Centrosinistra","Camera dei deputati","-","Lombardia 3","Lombardia 3 - U03","Lumezzane","Pierluigi Mottinelli"
"Centrosinistra","Camera dei deputati","-","Lombardia 3","Lombardia 3 - U04","Brescia","Roberto Rossini"
"Centrosinistra","Camera dei deputati","-","Lombardia 3","Lombardia 3 - U05","Desenzano del Garda","Donatella Albini"
"Centrosinistra","Camera dei deputati","-","Lombardia 4","Lombardia 4 - U01","Pavia","Emanuele Corsico Piccolini"
"Centrosinistra","Camera dei deputati","-","Lombardia 4","Lombardia 4 - U02","Lodi","Paolo Costanzo"
"Centrosinistra","Camera dei deputati","-","Lombardia 4","Lombardia 4 - U03","Cremona","Giorgio Pagliari"
"Centrosinistra","Camera dei deputati","-","Lombardia 4","Lombardia 4 - U04","Mantova","Paolo Galeotti"
"Centrosinistra","Camera dei deputati","-","Marche","Marche - U01","Ascoli Piceno","Meri Marziali"
"Centrosinistra","Camera dei deputati","-","Marche","Marche - U02","Macerata","Fulvio Esposito"
"Centrosinistra","Camera dei deputati","-","Marche","Marche - U03","Ancona","Antonio Mastrovincenzo"
"Centrosinistra","Camera dei deputati","-","Marche","Marche - U04","Pesaro","Giordano Masini"
"Centrosinistra","Camera dei deputati","-","Molise","Molise - U01","Campobasso","Alessandra Salvatore"
"Centrosinistra","Camera dei deputati","-","Piemonte 1","Piemonte 1 - U01","Torino: Circoscrizione 2","Riccardo Magi"
"Centrosinistra","Camera dei deputati","-","Piemonte 1","Piemonte 1 - U02","Torino: Circoscrizione 3","Stefano Lepri"
"Centrosinistra","Camera dei deputati","-","Piemonte 1","Piemonte 1 - U03","Collegno","Davide Gariglio"
"Centrosinistra","Camera dei deputati","-","Piemonte 1","Piemonte 1 - U04","Chieri","Antonella Giordano"
"Centrosinistra","Camera dei deputati","-","Piemonte 1","Piemonte 1 - U05","Moncalieri","Carmen Bonino"
"Centrosinistra","Camera dei deputati","-","Piemonte 2","Piemonte 2 - U01","Alessandria","Federico Bodo"
"Centrosinistra","Camera dei deputati","-","Piemonte 2","Piemonte 2 - U02","Novara","Milù Allegra"
"Centrosinistra","Camera dei deputati","-","Piemonte 2","Piemonte 2 - U03","Vercelli","Maria Moccia"
"Centrosinistra","Camera dei deputati","-","Piemonte 2","Piemonte 2 - U04","Asti","Andrea Ghignone"
"Centrosinistra","Camera dei deputati","-","Piemonte 2","Piemonte 2 - U05","Cuneo","Luca Pione"
"Centrosinistra","Camera dei deputati","-","Puglia","Puglia - U01","Foggia","Valentina Lucianetti"
"Centrosinistra","Camera dei deputati","-","Puglia","Puglia - U02","Cerignola","Raffaele Piemontese"
"Centrosinistra","Camera dei deputati","-","Puglia","Puglia - U03","Andria","Sabino Zinni"
"Centrosinistra","Camera dei deputati","-","Puglia","Puglia - U04","Molfetta","Michele Abbaticchio"
"Centrosinistra","Camera dei deputati","-","Puglia","Puglia - U05","Bari","Luisa Torsi"
"Centrosinistra","Camera dei deputati","-","Puglia","Puglia - U06","Altamura","Silvia Convertini"
"Centrosinistra","Camera dei deputati","-","Puglia","Puglia - U07","Brindisi","Elena Tiziana Brigante"
"Centrosinistra","Camera dei deputati","-","Puglia","Puglia - U08","Taranto","Giampiero Mencarelli"
"Centrosinistra","Camera dei deputati","-","Puglia","Puglia - U09","Lecce","Sebastiano Leo"
"Centrosinistra","Camera dei deputati","-","Puglia","Puglia - U10","Galatina","Anna Grazia Maraschio"
"Centrosinistra","Camera dei deputati","-","Sardegna","Sardegna - U01","Cagliari","Andrea Frailis"
"Centrosinistra","Camera dei deputati","-","Sardegna","Sardegna - U02","Carbonia","Franca Fara"
"Centrosinistra","Camera dei deputati","-","Sardegna","Sardegna - U03","Nuoro","Michele Piras"
"Centrosinistra","Camera dei deputati","-","Sardegna","Sardegna - U04","Sassari","Carla Bassu"
"Centrosinistra","Camera dei deputati","-","Sicilia 1","Sicilia 1 - U01","Palermo: Quartiere 11 -
Settecannoli","Erasmo Palazzotto"
"Centrosinistra","Camera dei deputati","-","Sicilia 1","Sicilia 1 - U02","Palermo: Quartiere 20 -
Resuttana - S.Lorenzo","Bobo Craxi"
"Centrosinistra","Camera dei deputati","-","Sicilia 1","Sicilia 1 - U03","Bagheria","Maria Saeli"
"Centrosinistra","Camera dei deputati","-","Sicilia 1","Sicilia 1 - U04","Gela","Martina Riggi"
"Centrosinistra","Camera dei deputati","-","Sicilia 1","Sicilia 1 - U05","Agrigento","Eleonora Sciortino"
"Centrosinistra","Camera dei deputati","-","Sicilia 1","Sicilia 1 - U06","Marsala","Antonio Ferrante"
"Centrosinistra","Camera dei deputati","-","Sicilia 2","Sicilia 2 - U01","Ragusa","Luigi Bellassai"
"Centrosinistra","Camera dei deputati","-","Sicilia 2","Sicilia 2 - U02","Catania","Emiliano Abramo"
"Centrosinistra","Camera dei deputati","-","Sicilia 2","Sicilia 2 - U03","Acireale","Chiara Guglielmino"
"Centrosinistra","Camera dei deputati","-","Sicilia 2","Sicilia 2 - U04","Siracusa","Lucia Azzolina"
"Centrosinistra","Camera dei deputati","-","Sicilia 2","Sicilia 2 - U05","Barcellona Pozzo di Gotto","Giuseppe Arena"
"Centrosinistra","Camera dei deputati","-","Sicilia 2","Sicilia 2 - U06","Messina","Felice Calabrò"
"Centrosinistra","Camera dei deputati","-","Toscana","Toscana - U01","Grosseto","Enrico Rossi"
"Centrosinistra","Camera dei deputati","-","Toscana","Toscana - U02","Massa","Martina Nardi"
"Centrosinistra","Camera dei deputati","-","Toscana","Toscana - U03","Lucca","Serena Mammini"
"Centrosinistra","Camera dei deputati","-","Toscana","Toscana - U04","Pisa","Stefano Ceccanti"
"Centrosinistra","Camera dei deputati","-","Toscana","Toscana - U05","Livorno","Andrea Romano"
"Centrosinistra","Camera dei deputati","-","Toscana","Toscana - U06","Prato","Tommaso Nannicini"
"Centrosinistra","Camera dei deputati","-","Toscana","Toscana - U07","Firenze","Federico Gianassi"
"Centrosinistra","Camera dei deputati","-","Toscana","Toscana - U08","Scandicci","Emiliano Fossi"
"Centrosinistra","Camera dei deputati","-","Toscana","Toscana - U09","Arezzo","Vincenzo Ceccarelli"
"Centrosinistra","Camera dei deputati","-","Trentino-Alto Adige/Südtirol","Trentino-Alto Adige/Südtirol -
U01","Trento","Sara Ferrari"
"Centrosinistra","Camera dei deputati","-","Trentino-Alto Adige/Südtirol","Trentino-Alto Adige/Südtirol -
U02","Rovereto","Michela Calzà"
"Centrosinistra","Camera dei deputati","-","Trentino-Alto Adige/Südtirol","Trentino-Alto Adige/Südtirol -
U03","Bolzano/Bozen","Elide Mussner"
"Centrosinistra","Camera dei deputati","-","Trentino-Alto Adige/Südtirol","Trentino-Alto Adige/Südtirol -
U04","Bressanone/Brixen","Franz Ploner"
"Centrosinistra","Camera dei deputati","-","Umbria","Umbria - U01","Terni","Francesco De Rebotti"
"Centrosinistra","Camera dei deputati","-","Umbria","Umbria - U02","Perugia","Stefano Vinti"
"Centrosinistra","Camera dei deputati","-","Valle d'Aosta/Vallée d'Aoste","Valle d'aosta/Vallée d'Aoste -
U01","Aosta","Franco Manes"
"Centrosinistra","Camera dei deputati","-","Veneto 1","Veneto 1 - U01","Venezia","Maria Teresa Menotto"
"Centrosinistra","Camera dei deputati","-","Veneto 1","Veneto 1 - U02","Chioggia","Francesca Bressanin"
"Centrosinistra","Camera dei deputati","-","Veneto 1","Veneto 1 - U03","Treviso","Cristina Guarda"
"Centrosinistra","Camera dei deputati","-","Veneto 1","Veneto 1 - U04","Castelfranco Veneto","Giovanni Zorzi"
"Centrosinistra","Camera dei deputati","-","Veneto 1","Veneto 1 - U05","Belluno","Maria Teresa Cassol"
"Centrosinistra","Camera dei deputati","-","Veneto 2","Veneto 2 - U01","Rovigo","Alberto Lucchin"
"Centrosinistra","Camera dei deputati","-","Veneto 2","Veneto 2 - U02","Selvazzano Dentro","Katia Maccarone"
"Centrosinistra","Camera dei deputati","-","Veneto 2","Veneto 2 - U03","Padova","Gianpiero Dalla Zuanna"
"Centrosinistra","Camera dei deputati","-","Veneto 2","Veneto 2 - U04","Bassano del Grappa","Giulia Andrian"
"Centrosinistra","Camera dei deputati","-","Veneto 2","Veneto 2 - U05","Vicenza","Diego Zaffari"
"Centrosinistra","Camera dei deputati","-","Veneto 2","Veneto 2 - U06","Verona","Annalisa Nalin"
"Centrosinistra","Camera dei deputati","-","Veneto 2","Veneto 2 - U07","Villafranca di Verona","Federica Foglia"
"Movimento5Stelle","Camera dei deputati","Movimento5Stelle","Abruzzo","Abruzzo - U01","Chieti","Carmela Grippa"
"Movimento5Stelle","Camera dei deputati","Movimento5Stelle","Abruzzo","Abruzzo - U02","Pescara","Daniele Caruso"
"Movimento5Stelle","Camera dei deputati","Movimento5Stelle","Abruzzo","Abruzzo - U03","L'Aquila","Attilio D'Andrea"
"Movimento5Stelle","Camera dei deputati","Movimento5Stelle","Basilicata","Basilicata - U01","Potenza","Viviano Verri"
"Movimento5Stelle","Camera dei deputati","Movimento5Stelle","Calabria","Calabria - U01","Corigliano-Rossano","Vittoria Baldino"
"Movimento5Stelle","Camera dei deputati","Movimento5Stelle","Calabria","Calabria - U02","Cosenza","Anna Laura Orrico"
"Movimento5Stelle","Camera dei deputati","Movimento5Stelle","Calabria","Calabria - U03","Catanzaro","Elisa Scutellà"
"Movimento5Stelle","Camera dei deputati","Movimento5Stelle","Calabria","Calabria - U04","Vibo Valentia","Riccardo Tucci"
"Movimento5Stelle","Camera dei deputati","Movimento5Stelle","Calabria","Calabria - U05","Reggio di Calabria","Fabio Foti"
"Movimento5Stelle","Camera dei deputati","Movimento5Stelle","Campania 1","Campania 1 - U01","Giugliano in Campania","Antonio Caso"
"Movimento5Stelle","Camera dei deputati","Movimento5Stelle","Campania 1","Campania 1 - U02","Napoli: Quartiere 19 -
Fuorigrotta","Sergio Costa"
"Movimento5Stelle","Camera dei deputati","Movimento5Stelle","Campania 1","Campania 1 - U03","Napoli: Quartiere 7 - San Carlo
all'Arena","Dario Carotenuto"
"Movimento5Stelle","Camera dei deputati","Movimento5Stelle","Campania 1","Campania 1 - U04","Casoria","Pasquale Penza"
"Movimento5Stelle","Camera dei deputati","Movimento5Stelle","Campania 1","Campania 1 - U05","Acerra","Carmela Auriemma"
"Movimento5Stelle","Camera dei deputati","Movimento5Stelle","Campania 1","Campania 1 - U06","Somma Vesuviana","Carmela Di Lauro"
"Movimento5Stelle","Camera dei deputati","Movimento5Stelle","Campania 1","Campania 1 - U07","Torre del Greco","Gaetano Amato"
"Movimento5Stelle","Camera dei deputati","Movimento5Stelle","Campania 2","Campania 2 - U01","Aversa","Giuseppe Buompane"
"Movimento5Stelle","Camera dei deputati","Movimento5Stelle","Campania 2","Campania 2 - U02","Caserta","Danilo Della Valle"
"Movimento5Stelle","Camera dei deputati","Movimento5Stelle","Campania 2","Campania 2 - U03","Benevento","Sabrina Ricciardi"
"Movimento5Stelle","Camera dei deputati","Movimento5Stelle","Campania 2","Campania 2 - U04","Avellino","Michele Gubitosa"
"Movimento5Stelle","Camera dei deputati","Movimento5Stelle","Campania 2","Campania 2 - U05","Scafati","Virginia Villani"
"Movimento5Stelle","Camera dei deputati","Movimento5Stelle","Campania 2","Campania 2 - U06","Salerno","Giuseppe Benevento"
"Movimento5Stelle","Camera dei deputati","Movimento5Stelle","Campania 2","Campania 2 - U07","Eboli","Dario Vassallo"
"Movimento5Stelle","Camera dei deputati","Movimento5Stelle","Emilia-Romagna","Emilia-Romagna - U01","Piacenza","Carmine De Falco"
"Movimento5Stelle","Camera dei deputati","Movimento5Stelle","Emilia-Romagna","Emilia-Romagna - U02","Parma","Davide Zanichelli"
"Movimento5Stelle","Camera dei deputati","Movimento5Stelle","Emilia-Romagna","Emilia-Romagna - U03","Reggio nell'Emilia","Daniele Piccoli"
"Movimento5Stelle","Camera dei deputati","Movimento5Stelle","Emilia-Romagna","Emilia-Romagna - U04","Modena","Stefania Ascari"
"Movimento5Stelle","Camera dei deputati","Movimento5Stelle","Emilia-Romagna","Emilia-Romagna - U05","Imola","Lorenza D'Amato"
"Movimento5Stelle","Camera dei deputati","Movimento5Stelle","Emilia-Romagna","Emilia-Romagna - U06","Bologna","Marzia Calzoni"
"Movimento5Stelle","Camera dei deputati","Movimento5Stelle","Emilia-Romagna","Emilia-Romagna - U07","Carpi","Mattia Veronesi"
"Movimento5Stelle","Camera dei deputati","Movimento5Stelle","Emilia-Romagna","Emilia-Romagna - U08","Ravenna","Marta Rossi"
"Movimento5Stelle","Camera dei deputati","Movimento5Stelle","Emilia-Romagna","Emilia-Romagna - U09","Ferrara","Andrea Zerbini"
"Movimento5Stelle","Camera dei deputati","Movimento5Stelle","Emilia-Romagna","Emilia-Romagna - U10","Forlì","Paolo Pasini"
"Movimento5Stelle","Camera dei deputati","Movimento5Stelle","Emilia-Romagna","Emilia-Romagna - U11","Rimini","Mariano Gennari"
"Movimento5Stelle","Camera dei deputati","Movimento5Stelle","Friuli-Venezia Giulia","Friuli-Venezia Giulia - U01","Pordenone","Luca Sut"
"Movimento5Stelle","Camera dei deputati","Movimento5Stelle","Friuli-Venezia Giulia","Friuli-Venezia Giulia - U02","Udine","Cesidio Antidormi"
"Movimento5Stelle","Camera dei deputati","Movimento5Stelle","Friuli-Venezia Giulia","Friuli-Venezia Giulia - U03","Trieste","Adriana Panzera"
"Movimento5Stelle","Camera dei deputati","Movimento5Stelle","Lazio 1","Lazio 1 - U01","Roma: Municipio I","Livio De Santoli"
"Movimento5Stelle","Camera dei deputati","Movimento5Stelle","Lazio 1","Lazio 1 - U02","Roma: Municipio III","Manuel Tuzi"
"Movimento5Stelle","Camera dei deputati","Movimento5Stelle","Lazio 1","Lazio 1 - U03","Roma: Municipio V","Angela Salafia"
"Movimento5Stelle","Camera dei deputati","Movimento5Stelle","Lazio 1","Lazio 1 - U04","Roma: Municipio VII","Francesca Flati"
"Movimento5Stelle","Camera dei deputati","Movimento5Stelle","Lazio 1","Lazio 1 - U05","Roma: Municipio X","Marco Bella"
"Movimento5Stelle","Camera dei deputati","Movimento5Stelle","Lazio 1","Lazio 1 - U06","Roma: Municipio XI","Emanuele Ceccato"
"Movimento5Stelle","Camera dei deputati","Movimento5Stelle","Lazio 1","Lazio 1 - U07","Roma: Municipio XIV","Carola Penna"
"Movimento5Stelle","Camera dei deputati","Movimento5Stelle","Lazio 1","Lazio 1 - U08","Velletri","Sante Narcisi"
"Movimento5Stelle","Camera dei deputati","Movimento5Stelle","Lazio 1","Lazio 1 - U09","Guidonia Montecelio","Viviana Carbonara"
"Movimento5Stelle","Camera dei deputati","Movimento5Stelle","Lazio 2","Lazio 2 - U01","Viterbo","Rosita Cicoria"
"Movimento5Stelle","Camera dei deputati","Movimento5Stelle","Lazio 2","Lazio 2 - U02","Rieti","Roberto Casanica"
"Movimento5Stelle","Camera dei deputati","Movimento5Stelle","Lazio 2","Lazio 2 - U03","Latina","Gianluca Bono"
"Movimento5Stelle","Camera dei deputati","Movimento5Stelle","Lazio 2","Lazio 2 - U04","Frosinone","Ilaria Fontana"
"Movimento5Stelle","Camera dei deputati","Movimento5Stelle","Lazio 2","Lazio 2 - U05","Terracina","Anna Mattiello"
"Movimento5Stelle","Camera dei deputati","Movimento5Stelle","Liguria","Liguria - U01","Savona","Giovanni Spalla"
"Movimento5Stelle","Camera dei deputati","Movimento5Stelle","Liguria","Liguria - U02","Genova: Municipio VII -
Ponente","Roberto Traversi"
"Movimento5Stelle","Camera dei deputati","Movimento5Stelle","Liguria","Liguria - U03","Genova: Municipio I - Centro
Est","Maria Tini"
"Movimento5Stelle","Camera dei deputati","Movimento5Stelle","Liguria","Liguria - U04","La Spezia","Federica Giorgi"
"Movimento5Stelle","Camera dei deputati","Movimento5Stelle","Lombardia 1","Lombardia 1 - U01","Monza","Daniela Gobbo"
"Movimento5Stelle","Camera dei deputati","Movimento5Stelle","Lombardia 1","Lombardia 1 - U02","Seregno","Sara Montrasio"
"Movimento5Stelle","Camera dei deputati","Movimento5Stelle","Lombardia 1","Lombardia 1 - U03","Cologno Monzese","Elena Calogero"
"Movimento5Stelle","Camera dei deputati","Movimento5Stelle","Lombardia 1","Lombardia 1 - U04","Rozzano","Stefania Mammi"
"Movimento5Stelle","Camera dei deputati","Movimento5Stelle","Lombardia 1","Lombardia 1 - U05","Legnano","Riccardo Olgiati"
"Movimento5Stelle","Camera dei deputati","Movimento5Stelle","Lombardia 1","Lombardia 1 - U06","Sesto San Giovanni","Daniele Tromboni"
"Movimento5Stelle","Camera dei deputati","Movimento5Stelle","Lombardia 1","Lombardia 1 - U07","Milano: NIL 20 - Loreto","Denis Nunga Lodi"
"Movimento5Stelle","Camera dei deputati","Movimento5Stelle","Lombardia 1","Lombardia 1 - U08","Milano: NIL 52 - Bande Nere","Simona Bertogliatti"
"Movimento5Stelle","Camera dei deputati","Movimento5Stelle","Lombardia 1","Lombardia 1 - U09","Milano: NIL 21 - Buenos Aires -
Venezia","Pierluigi Riccitelli"
"Movimento5Stelle","Camera dei deputati","Movimento5Stelle","Lombardia 2","Lombardia 2 - U01","Varese","Antonio Ferrara"
"Movimento5Stelle","Camera dei deputati","Movimento5Stelle","Lombardia 2","Lombardia 2 - U02","Busto Arsizio","Vittorio Salvo"
"Movimento5Stelle","Camera dei deputati","Movimento5Stelle","Lombardia 2","Lombardia 2 - U03","Como","Giovanni Currò"
"Movimento5Stelle","Camera dei deputati","Movimento5Stelle","Lombardia 2","Lombardia 2 - U04","Sondrio","Luca Sangalli"
"Movimento5Stelle","Camera dei deputati","Movimento5Stelle","Lombardia 2","Lombardia 2 - U05","Lecco","Giovanni Galimberti"
"Movimento5Stelle","Camera dei deputati","Movimento5Stelle","Lombardia 3","Lombardia 3 - U01","Treviglio","Concetta Torrisi"
"Movimento5Stelle","Camera dei deputati","Movimento5Stelle","Lombardia 3","Lombardia 3 - U02","Bergamo","Jacopo Gnocchi"
"Movimento5Stelle","Camera dei deputati","Movimento5Stelle","Lombardia 3","Lombardia 3 - U03","Lumezzane","Amedeo Paccagnella"
"Movimento5Stelle","Camera dei deputati","Movimento5Stelle","Lombardia 3","Lombardia 3 - U04","Brescia","Samuel Sorial"
"Movimento5Stelle","Camera dei deputati","Movimento5Stelle","Lombardia 3","Lombardia 3 - U05","Desenzano del Garda","Teresa Tamborino"
"Movimento5Stelle","Camera dei deputati","Movimento5Stelle","Lombardia 4","Lombardia 4 - U01","Pavia","Alberto Valenti"
"Movimento5Stelle","Camera dei deputati","Movimento5Stelle","Lombardia 4","Lombardia 4 - U02","Lodi","Valentina Barzotti"
"Movimento5Stelle","Camera dei deputati","Movimento5Stelle","Lombardia 4","Lombardia 4 - U03","Cremona","Paola Tacchini"
"Movimento5Stelle","Camera dei deputati","Movimento5Stelle","Lombardia 4","Lombardia 4 - U04","Mantova","Giovanni Cappellazzi"
"Movimento5Stelle","Camera dei deputati","Movimento5Stelle","Marche","Marche - U01","Ascoli Piceno","Giorgio Fede"
"Movimento5Stelle","Camera dei deputati","Movimento5Stelle","Marche","Marche - U02","Macerata","Mirella Emiliozzi"
"Movimento5Stelle","Camera dei deputati","Movimento5Stelle","Marche","Marche - U03","Ancona","Gabriele Santarelli"
"Movimento5Stelle","Camera dei deputati","Movimento5Stelle","Marche","Marche - U04","Pesaro","Rossella Accoto"
"Movimento5Stelle","Camera dei deputati","Movimento5Stelle","Molise","Molise - U01","Campobasso","Riccardo Di Palma"
"Movimento5Stelle","Camera dei deputati","Movimento5Stelle","Piemonte 1","Piemonte 1 - U01","Torino: Circoscrizione 2","Carlotta Tevere"
"Movimento5Stelle","Camera dei deputati","Movimento5Stelle","Piemonte 1","Piemonte 1 - U02","Torino: Circoscrizione 3","Chiara Appendino"
"Movimento5Stelle","Camera dei deputati","Movimento5Stelle","Piemonte 1","Piemonte 1 - U03","Collegno","Luca Carabetta"
"Movimento5Stelle","Camera dei deputati","Movimento5Stelle","Piemonte 1","Piemonte 1 - U04","Chieri","Antonio Iaria"
"Movimento5Stelle","Camera dei deputati","Movimento5Stelle","Piemonte 1","Piemonte 1 - U05","Moncalieri","Antonella Pepe"
"Movimento5Stelle","Camera dei deputati","Movimento5Stelle","Piemonte 2","Piemonte 2 - U01","Alessandria","Antonella Scagnetti"
"Movimento5Stelle","Camera dei deputati","Movimento5Stelle","Piemonte 2","Piemonte 2 - U02","Novara","Mario Iacopino"
"Movimento5Stelle","Camera dei deputati","Movimento5Stelle","Piemonte 2","Piemonte 2 - U03","Vercelli","Giuseppe Paschetto"
"Movimento5Stelle","Camera dei deputati","Movimento5Stelle","Piemonte 2","Piemonte 2 - U04","Asti","Massimo Cerruti"
"Movimento5Stelle","Camera dei deputati","Movimento5Stelle","Piemonte 2","Piemonte 2 - U05","Cuneo","Rosina Serratore"
"Movimento5Stelle","Camera dei deputati","Movimento5Stelle","Puglia","Puglia - U01","Foggia","Marco Pellegrini"
"Movimento5Stelle","Camera dei deputati","Movimento5Stelle","Puglia","Puglia - U02","Cerignola","Fabrizio Marrazzo"
"Movimento5Stelle","Camera dei deputati","Movimento5Stelle","Puglia","Puglia - U03","Andria","Angela Bruna Piarulli"
"Movimento5Stelle","Camera dei deputati","Movimento5Stelle","Puglia","Puglia - U04","Molfetta","Nicola Grasso"
"Movimento5Stelle","Camera dei deputati","Movimento5Stelle","Puglia","Puglia - U05","Bari","Alberto De Ciglio"
"Movimento5Stelle","Camera dei deputati","Movimento5Stelle","Puglia","Puglia - U06","Altamura","Beatrice Ottaviani"
"Movimento5Stelle","Camera dei deputati","Movimento5Stelle","Puglia","Puglia - U07","Brindisi","Salvatore Giuliano"
"Movimento5Stelle","Camera dei deputati","Movimento5Stelle","Puglia","Puglia - U08","Taranto","Annagrazia Angolano"
"Movimento5Stelle","Camera dei deputati","Movimento5Stelle","Puglia","Puglia - U09","Lecce","Francesco Mandoi"
"Movimento5Stelle","Camera dei deputati","Movimento5Stelle","Puglia","Puglia - U10","Galatina","Marina Zela"
"Movimento5Stelle","Camera dei deputati","Movimento5Stelle","Sardegna","Sardegna - U01","Cagliari","Mauro Congia"
"Movimento5Stelle","Camera dei deputati","Movimento5Stelle","Sardegna","Sardegna - U02","Carbonia","Loredana La Barbera"
"Movimento5Stelle","Camera dei deputati","Movimento5Stelle","Sardegna","Sardegna - U03","Nuoro","Emiliano Fenu"
"Movimento5Stelle","Camera dei deputati","Movimento5Stelle","Sardegna","Sardegna - U04","Sassari","Mario Perantoni"
"Movimento5Stelle","Camera dei deputati","Movimento5Stelle","Sicilia 1","Sicilia 1 - U01","Palermo: Quartiere 11 -
Settecannoli","Davide Aiello"
"Movimento5Stelle","Camera dei deputati","Movimento5Stelle","Sicilia 1","Sicilia 1 - U02","Palermo: Quartiere 20 -
Resuttana - S.Lorenzo","Leonardo Penna"
"Movimento5Stelle","Camera dei deputati","Movimento5Stelle","Sicilia 1","Sicilia 1 - U03","Bagheria","Daniela Morfino"
"Movimento5Stelle","Camera dei deputati","Movimento5Stelle","Sicilia 1","Sicilia 1 - U04","Gela","Dedalo Pignatone"
"Movimento5Stelle","Camera dei deputati","Movimento5Stelle","Sicilia 1","Sicilia 1 - U05","Agrigento","Filippo Perconti"
"Movimento5Stelle","Camera dei deputati","Movimento5Stelle","Sicilia 1","Sicilia 1 - U06","Marsala","Vita Martinciglio"
"Movimento5Stelle","Camera dei deputati","Movimento5Stelle","Sicilia 2","Sicilia 2 - U01","Ragusa","Eugenio Saitta"
"Movimento5Stelle","Camera dei deputati","Movimento5Stelle","Sicilia 2","Sicilia 2 - U02","Catania","Luciano Cantone"
"Movimento5Stelle","Camera dei deputati","Movimento5Stelle","Sicilia 2","Sicilia 2 - U03","Acireale","Giovanni Carlo Amato"
"Movimento5Stelle","Camera dei deputati","Movimento5Stelle","Sicilia 2","Sicilia 2 - U04","Siracusa","Maria Concetta Di Pietro"
"Movimento5Stelle","Camera dei deputati","Movimento5Stelle","Sicilia 2","Sicilia 2 - U05","Barcellona Pozzo di Gotto","Katia Baglio"
"Movimento5Stelle","Camera dei deputati","Movimento5Stelle","Sicilia 2","Sicilia 2 - U06","Messina","Grazia D'Angelo"
"Movimento5Stelle","Camera dei deputati","Movimento5Stelle","Toscana","Toscana - U01","Grosseto","Luca Giacomelli"
"Movimento5Stelle","Camera dei deputati","Movimento5Stelle","Toscana","Toscana - U02","Massa","Elda Baldi"
"Movimento5Stelle","Camera dei deputati","Movimento5Stelle","Toscana","Toscana - U03","Lucca","Marco Cresci"
"Movimento5Stelle","Camera dei deputati","Movimento5Stelle","Toscana","Toscana - U04","Pisa","Claudio Loconsole"
"Movimento5Stelle","Camera dei deputati","Movimento5Stelle","Toscana","Toscana - U05","Livorno","Stella Sorgente"
"Movimento5Stelle","Camera dei deputati","Movimento5Stelle","Toscana","Toscana - U06","Prato","Chiara Bartalini"
"Movimento5Stelle","Camera dei deputati","Movimento5Stelle","Toscana","Toscana - U07","Firenze","Andrea Quartini"
"Movimento5Stelle","Camera dei deputati","Movimento5Stelle","Toscana","Toscana - U08","Scandicci","Maria Letizia Magnelli"
"Movimento5Stelle","Camera dei deputati","Movimento5Stelle","Toscana","Toscana - U09","Arezzo","Tommaso Pierazzi"
"Movimento5Stelle","Camera dei deputati","Movimento5Stelle","Trentino-Alto Adige/Südtirol","Trentino-Alto Adige/Südtirol -
U01","Trento","Rudy Tranquillini"
"Movimento5Stelle","Camera dei deputati","Movimento5Stelle","Trentino-Alto Adige/Südtirol","Trentino-Alto Adige/Südtirol -
U02","Rovereto","Maurizio Dal Bianco"
"Movimento5Stelle","Camera dei deputati","Movimento5Stelle","Trentino-Alto Adige/Südtirol","Trentino-Alto Adige/Südtirol -
U03","Bolzano/Bozen","Angelo Rizzo"
"Movimento5Stelle","Camera dei deputati","Movimento5Stelle","Trentino-Alto Adige/Südtirol","Trentino-Alto Adige/Südtirol -
U04","Bressanone/Brixen","Davide Barbieri"
"Movimento5Stelle","Camera dei deputati","Movimento5Stelle","Umbria","Umbria - U01","Terni","Ilaria Gabrielli"
"Movimento5Stelle","Camera dei deputati","Movimento5Stelle","Umbria","Umbria - U02","Perugia","Alessandra Ruffini"
"Movimento5Stelle","Camera dei deputati","Movimento5Stelle","Valle d'Aosta/Vallée d'Aoste","Valle d'aosta/Vallée d'Aoste -
U01","Aosta","Daria Pulz"
"Movimento5Stelle","Camera dei deputati","Movimento5Stelle","Veneto 1","Veneto 1 - U01","Venezia","Marco Lazzarini"
"Movimento5Stelle","Camera dei deputati","Movimento5Stelle","Veneto 1","Veneto 1 - U02","Chioggia","Alessandro Ferro"
"Movimento5Stelle","Camera dei deputati","Movimento5Stelle","Veneto 1","Veneto 1 - U03","Treviso","Cristina Manes"
"Movimento5Stelle","Camera dei deputati","Movimento5Stelle","Veneto 1","Veneto 1 - U04","Castelfranco Veneto","Maurizio Mestriner"
"Movimento5Stelle","Camera dei deputati","Movimento5Stelle","Veneto 1","Veneto 1 - U05","Belluno","Elena Quaranta"
"Movimento5Stelle","Camera dei deputati","Movimento5Stelle","Veneto 2","Veneto 2 - U01","Rovigo","Elena Suman"
"Movimento5Stelle","Camera dei deputati","Movimento5Stelle","Veneto 2","Veneto 2 - U02","Selvazzano Dentro","Rosa Valentino"
"Movimento5Stelle","Camera dei deputati","Movimento5Stelle","Veneto 2","Veneto 2 - U03","Padova","Giacomo Cusumano"
"Movimento5Stelle","Camera dei deputati","Movimento5Stelle","Veneto 2","Veneto 2 - U04","Bassano del Grappa","Gedoremo Andreatta"
"Movimento5Stelle","Camera dei deputati","Movimento5Stelle","Veneto 2","Veneto 2 - U05","Vicenza","Sonia Perenzoni"
"Movimento5Stelle","Camera dei deputati","Movimento5Stelle","Veneto 2","Veneto 2 - U06","Verona","Francesco Vaccaro"
"Movimento5Stelle","Camera dei deputati","Movimento5Stelle","Veneto 2","Veneto 2 - U07","Villafranca di Verona","Antonietta Benedetti"
"Azione-IV","Camera dei deputati","Azione-IV","Abruzzo","Abruzzo - U01","Chieti","Gaetano Fuiano"
"Azione-IV","Camera dei deputati","Azione-IV","Abruzzo","Abruzzo - U02","Pescara","Roberto Quercia"
"Azione-IV","Camera dei deputati","Azione-IV","Abruzzo","Abruzzo - U03","L'Aquila","Emanuela Pistoia"
"Azione-IV","Camera dei deputati","Azione-IV","Basilicata","Basilicata - U01","Potenza","Luca Braia"
"Azione-IV","Camera dei deputati","Azione-IV","Calabria","Calabria - U01","Corigliano-Rossano","Domenico Mazza"
"Azione-IV","Camera dei deputati","Azione-IV","Calabria","Calabria - U02","Cosenza","Nunzia Paese"
"Azione-IV","Camera dei deputati","Azione-IV","Calabria","Calabria - U03","Catanzaro","Franco Mauro"
"Azione-IV","Camera dei deputati","Azione-IV","Calabria","Calabria - U04","Vibo Valentia","Maria Galati"
"Azione-IV","Camera dei deputati","Azione-IV","Calabria","Calabria - U05","Reggio di Calabria","Giovanni Latella"
"Azione-IV","Camera dei deputati","Azione-IV","Campania 1","Campania 1 - U01","Giugliano in Campania","Vincenzo Daniele"
"Azione-IV","Camera dei deputati","Azione-IV","Campania 1","Campania 1 - U02","Napoli: Quartiere 19 -
Fuorigrotta","Mara Carfagna"
"Azione-IV","Camera dei deputati","Azione-IV","Campania 1","Campania 1 - U03","Napoli: Quartiere 7 - San Carlo
all'Arena","Caterina Cernicchiaro"
"Azione-IV","Camera dei deputati","Azione-IV","Campania 1","Campania 1 - U04","Casoria","Marianna Riccardi"
"Azione-IV","Camera dei deputati","Azione-IV","Campania 1","Campania 1 - U05","Acerra","Vincenzo Romano"
"Azione-IV","Camera dei deputati","Azione-IV","Campania 1","Campania 1 - U06","Somma Vesuviana","Pina Piedipalumbo"
"Azione-IV","Camera dei deputati","Azione-IV","Campania 1","Campania 1 - U07","Torre del Greco","Bianca Maria Balzano"
"Azione-IV","Camera dei deputati","Azione-IV","Campania 2","Campania 2 - U01","Aversa","Riccardo Scalzone"
"Azione-IV","Camera dei deputati","Azione-IV","Campania 2","Campania 2 - U02","Caserta","Teresa Ucciero"
"Azione-IV","Camera dei deputati","Azione-IV","Campania 2","Campania 2 - U03","Benevento","Antonio Del Mese"
"Azione-IV","Camera dei deputati","Azione-IV","Campania 2","Campania 2 - U04","Avellino","Stefano Farina"
"Azione-IV","Camera dei deputati","Azione-IV","Campania 2","Campania 2 - U05","Scafati","Imma Zinnia"
"Azione-IV","Camera dei deputati","Azione-IV","Campania 2","Campania 2 - U06","Salerno","Corrado Naddeo"
"Azione-IV","Camera dei deputati","Azione-IV","Campania 2","Campania 2 - U07","Eboli","Donato D'Aiuto"
"Azione-IV","Camera dei deputati","Azione-IV","Emilia-Romagna","Emilia-Romagna - U01","Piacenza","Sabrina De Canio"
"Azione-IV","Camera dei deputati","Azione-IV","Emilia-Romagna","Emilia-Romagna - U02","Parma","Matteo Ferroni"
"Azione-IV","Camera dei deputati","Azione-IV","Emilia-Romagna","Emilia-Romagna - U03","Reggio nell'Emilia","Maura Manghi"
"Azione-IV","Camera dei deputati","Azione-IV","Emilia-Romagna","Emilia-Romagna - U04","Modena","Claudia Cicolani"
"Azione-IV","Camera dei deputati","Azione-IV","Emilia-Romagna","Emilia-Romagna - U05","Imola","Mara Mucci"
"Azione-IV","Camera dei deputati","Azione-IV","Emilia-Romagna","Emilia-Romagna - U06","Bologna","Naike Gruppioni"
"Azione-IV","Camera dei deputati","Azione-IV","Emilia-Romagna","Emilia-Romagna - U07","Carpi","Giampiero Veronesi"
"Azione-IV","Camera dei deputati","Azione-IV","Emilia-Romagna","Emilia-Romagna - U08","Ravenna","Chiara Francesconi"
"Azione-IV","Camera dei deputati","Azione-IV","Emilia-Romagna","Emilia-Romagna - U09","Ferrara","Francesco Badia"
"Azione-IV","Camera dei deputati","Azione-IV","Emilia-Romagna","Emilia-Romagna - U10","Forlì","Luca Ferrini"
"Azione-IV","Camera dei deputati","Azione-IV","Emilia-Romagna","Emilia-Romagna - U11","Rimini","Alessandro Petrillo"
"Azione-IV","Camera dei deputati","Azione-IV","Friuli-Venezia Giulia","Friuli-Venezia Giulia - U01","Pordenone","Teresa Tassan Viol"
"Azione-IV","Camera dei deputati","Azione-IV","Friuli-Venezia Giulia","Friuli-Venezia Giulia - U02","Udine","Sandra Maria Telesca"
"Azione-IV","Camera dei deputati","Azione-IV","Friuli-Venezia Giulia","Friuli-Venezia Giulia - U03","Trieste","Daniela Rossetti"
"Azione-IV","Camera dei deputati","Azione-IV","Lazio 1","Lazio 1 - U01","Roma: Municipio I","Elena Bonetti"
"Azione-IV","Camera dei deputati","Azione-IV","Lazio 1","Lazio 1 - U02","Roma: Municipio III","Fabio Dionisi"
"Azione-IV","Camera dei deputati","Azione-IV","Lazio 1","Lazio 1 - U03","Roma: Municipio V","Marta Maziali"
"Azione-IV","Camera dei deputati","Azione-IV","Lazio 1","Lazio 1 - U04","Roma: Municipio VII","Luca Di Egidio"
"Azione-IV","Camera dei deputati","Azione-IV","Lazio 1","Lazio 1 - U05","Roma: Municipio X","Pietro Madonia"
"Azione-IV","Camera dei deputati","Azione-IV","Lazio 1","Lazio 1 - U06","Roma: Municipio XI","Francesca Severi"
"Azione-IV","Camera dei deputati","Azione-IV","Lazio 1","Lazio 1 - U07","Roma: Municipio XIV","Valentina Grippo"
"Azione-IV","Camera dei deputati","Azione-IV","Lazio 1","Lazio 1 - U08","Velletri","Roberto Mastrosanti"
"Azione-IV","Camera dei deputati","Azione-IV","Lazio 1","Lazio 1 - U09","Guidonia Montecelio","Fabio Marino"
"Azione-IV","Camera dei deputati","Azione-IV","Lazio 2","Lazio 2 - U01","Viterbo","Luisa Ciambella"
"Azione-IV","Camera dei deputati","Azione-IV","Lazio 2","Lazio 2 - U02","Rieti","Vincenzo Marcorelli"
"Azione-IV","Camera dei deputati","Azione-IV","Lazio 2","Lazio 2 - U03","Latina","Tiziano Lauri"
"Azione-IV","Camera dei deputati","Azione-IV","Lazio 2","Lazio 2 - U04","Frosinone","Stefano Carducci"
"Azione-IV","Camera dei deputati","Azione-IV","Lazio 2","Lazio 2 - U05","Terracina","Elisa Venturo"
"Azione-IV","Camera dei deputati","Azione-IV","Liguria","Liguria - U01","Savona","Desiree Negri"
"Azione-IV","Camera dei deputati","Azione-IV","Liguria","Liguria - U02","Genova: Municipio VII -
Ponente","Davide Faltieri"
"Azione-IV","Camera dei deputati","Azione-IV","Liguria","Liguria - U03","Genova: Municipio I - Centro
Est","Mauro Avvenente"
"Azione-IV","Camera dei deputati","Azione-IV","Liguria","Liguria - U04","La Spezia","Silvia Garibaldi"
"Azione-IV","Camera dei deputati","Azione-IV","Lombardia 1","Lombardia 1 - U01","Monza","Maria Sole Mascia"
"Azione-IV","Camera dei deputati","Azione-IV","Lombardia 1","Lombardia 1 - U02","Seregno","Antonino Foti"
"Azione-IV","Camera dei deputati","Azione-IV","Lombardia 1","Lombardia 1 - U03","Cologno Monzese","Livia Achilli"
"Azione-IV","Camera dei deputati","Azione-IV","Lombardia 1","Lombardia 1 - U04","Rozzano","Margherita Mazzuoccolo"
"Azione-IV","Camera dei deputati","Azione-IV","Lombardia 1","Lombardia 1 - U05","Legnano","Andrea Sfrondini"
"Azione-IV","Camera dei deputati","Azione-IV","Lombardia 1","Lombardia 1 - U06","Sesto San Giovanni","Emanuele De Carolis"
"Azione-IV","Camera dei deputati","Azione-IV","Lombardia 1","Lombardia 1 - U07","Milano: NIL 20 - Loreto","Filippo Campiotti"
"Azione-IV","Camera dei deputati","Azione-IV","Lombardia 1","Lombardia 1 - U08","Milano: NIL 52 - Bande Nere","Francesco Ascioti"
"Azione-IV","Camera dei deputati","Azione-IV","Lombardia 1","Lombardia 1 - U09","Milano: NIL 21 - Buenos Aires -
Venezia","Giulia Pastorella"
"Azione-IV","Camera dei deputati","Azione-IV","Lombardia 2","Lombardia 2 - U01","Varese","Guido Bonoldi"
"Azione-IV","Camera dei deputati","Azione-IV","Lombardia 2","Lombardia 2 - U02","Busto Arsizio","Luigi Farioli"
"Azione-IV","Camera dei deputati","Azione-IV","Lombardia 2","Lombardia 2 - U03","Como","Anna Veronelli"
"Azione-IV","Camera dei deputati","Azione-IV","Lombardia 2","Lombardia 2 - U04","Sondrio","Alessandro Bartolini"
"Azione-IV","Camera dei deputati","Azione-IV","Lombardia 2","Lombardia 2 - U05","Lecco","Stefano Motta"
"Azione-IV","Camera dei deputati","Azione-IV","Lombardia 3","Lombardia 3 - U01","Treviglio","Fabio Paganini"
"Azione-IV","Camera dei deputati","Azione-IV","Lombardia 3","Lombardia 3 - U02","Bergamo","Niccolò Carretta"
"Azione-IV","Camera dei deputati","Azione-IV","Lombardia 3","Lombardia 3 - U03","Lumezzane","Massimo Ottelli"
"Azione-IV","Camera dei deputati","Azione-IV","Lombardia 3","Lombardia 3 - U04","Brescia","Guido Galperti"
"Azione-IV","Camera dei deputati","Azione-IV","Lombardia 3","Lombardia 3 - U05","Desenzano del Garda","Monica Lippa"
"Azione-IV","Camera dei deputati","Azione-IV","Lombardia 4","Lombardia 4 - U01","Pavia","Pierachille Lanfranchi"
"Azione-IV","Camera dei deputati","Azione-IV","Lombardia 4","Lombardia 4 - U02","Lodi","Bianca Baruelli"
"Azione-IV","Camera dei deputati","Azione-IV","Lombardia 4","Lombardia 4 - U03","Cremona","Gabriel Fomiatti"
"Azione-IV","Camera dei deputati","Azione-IV","Lombardia 4","Lombardia 4 - U04","Mantova","Gianmarco Carra"
"Azione-IV","Camera dei deputati","Azione-IV","Marche","Marche - U01","Ascoli Piceno","Maria Stella Origlia"
"Azione-IV","Camera dei deputati","Azione-IV","Marche","Marche - U02","Macerata","Mariano Calamita"
"Azione-IV","Camera dei deputati","Azione-IV","Marche","Marche - U03","Ancona","Francesca Cantarini"
"Azione-IV","Camera dei deputati","Azione-IV","Marche","Marche - U04","Pesaro","Federico Talè"
"Azione-IV","Camera dei deputati","Azione-IV","Molise","Molise - U01","Campobasso","Donato D'Ambrosio"
"Azione-IV","Camera dei deputati","Azione-IV","Piemonte 1","Piemonte 1 - U01","Torino: Circoscrizione 2","Massimo Giuntoli"
"Azione-IV","Camera dei deputati","Azione-IV","Piemonte 1","Piemonte 1 - U02","Torino: Circoscrizione 3","Katya Agate"
"Azione-IV","Camera dei deputati","Azione-IV","Piemonte 1","Piemonte 1 - U03","Collegno","Paola Barbero"
"Azione-IV","Camera dei deputati","Azione-IV","Piemonte 1","Piemonte 1 - U04","Chieri","Osvaldo Napoli"
"Azione-IV","Camera dei deputati","Azione-IV","Piemonte 1","Piemonte 1 - U05","Moncalieri","Daniela Ruffino"
"Azione-IV","Camera dei deputati","Azione-IV","Piemonte 2","Piemonte 2 - U01","Alessandria","Vittorio Barazzotto"
"Azione-IV","Camera dei deputati","Azione-IV","Piemonte 2","Piemonte 2 - U02","Novara","Teresa Barresi"
"Azione-IV","Camera dei deputati","Azione-IV","Piemonte 2","Piemonte 2 - U03","Vercelli","Giovanni Barosini"
"Azione-IV","Camera dei deputati","Azione-IV","Piemonte 2","Piemonte 2 - U04","Asti","Barbara Baino"
"Azione-IV","Camera dei deputati","Azione-IV","Piemonte 2","Piemonte 2 - U05","Cuneo","Enrico Costa"
"Azione-IV","Camera dei deputati","Azione-IV","Puglia","Puglia - U01","Foggia","Nino Denaro"
"Azione-IV","Camera dei deputati","Azione-IV","Puglia","Puglia - U02","Cerignola","Chiara D'Errico"
"Azione-IV","Camera dei deputati","Azione-IV","Puglia","Puglia - U03","Andria","Gennaro Rocciola"
"Azione-IV","Camera dei deputati","Azione-IV","Puglia","Puglia - U04","Molfetta","Benedetto Grillo"
"Azione-IV","Camera dei deputati","Azione-IV","Puglia","Puglia - U05","Bari","Stefano Franco"
"Azione-IV","Camera dei deputati","Azione-IV","Puglia","Puglia - U06","Altamura","Rosalia Lisi"
"Azione-IV","Camera dei deputati","Azione-IV","Puglia","Puglia - U07","Brindisi","Antonietta Curlo"
"Azione-IV","Camera dei deputati","Azione-IV","Puglia","Puglia - U08","Taranto","Angelo Di Lena"
"Azione-IV","Camera dei deputati","Azione-IV","Puglia","Puglia - U09","Lecce","Soave Alemanno"
"Azione-IV","Camera dei deputati","Azione-IV","Puglia","Puglia - U10","Galatina","Ada Fiore"
"Azione-IV","Camera dei deputati","Azione-IV","Sardegna","Sardegna - U01","Cagliari","Franco Stara"
"Azione-IV","Camera dei deputati","Azione-IV","Sardegna","Sardegna - U02","Carbonia","Alberto Cacciarru"
"Azione-IV","Camera dei deputati","Azione-IV","Sardegna","Sardegna - U03","Nuoro","Stefano Coinu"
"Azione-IV","Camera dei deputati","Azione-IV","Sardegna","Sardegna - U04","Sassari","Giovanni Maria Pedoni"
"Azione-IV","Camera dei deputati","Azione-IV","Sicilia 1","Sicilia 1 - U01","Palermo: Quartiere 11 -
Settecannoli","Giuseppe Alessi"
"Azione-IV","Camera dei deputati","Azione-IV","Sicilia 1","Sicilia 1 - U02","Palermo: Quartiere 20 -
Resuttana - S.Lorenzo","Giuseppe Caltanissetta"
"Azione-IV","Camera dei deputati","Azione-IV","Sicilia 1","Sicilia 1 - U03","Bagheria","Claudio Merlino"
"Azione-IV","Camera dei deputati","Azione-IV","Sicilia 1","Sicilia 1 - U04","Gela","Emanuele Maganuco"
"Azione-IV","Camera dei deputati","Azione-IV","Sicilia 1","Sicilia 1 - U05","Agrigento","Leonardo Ciaccio"
"Azione-IV","Camera dei deputati","Azione-IV","Sicilia 1","Sicilia 1 - U06","Marsala","Giulia Pantaleo"
"Azione-IV","Camera dei deputati","Azione-IV","Sicilia 2","Sicilia 2 - U01","Ragusa","Salvatore Liuzzo"
"Azione-IV","Camera dei deputati","Azione-IV","Sicilia 2","Sicilia 2 - U02","Catania","Vincenzo Ciraldo"
"Azione-IV","Camera dei deputati","Azione-IV","Sicilia 2","Sicilia 2 - U03","Acireale","Angelica Prestianni"
"Azione-IV","Camera dei deputati","Azione-IV","Sicilia 2","Sicilia 2 - U04","Siracusa","Concetta Carbone"
"Azione-IV","Camera dei deputati","Azione-IV","Sicilia 2","Sicilia 2 - U05","Barcellona Pozzo di Gotto","Fabrizio Pulvirenti"
"Azione-IV","Camera dei deputati","Azione-IV","Sicilia 2","Sicilia 2 - U06","Messina","Letteria Modica"
"Azione-IV","Camera dei deputati","Azione-IV","Toscana","Toscana - U01","Grosseto","Stefano Scaramelli"
"Azione-IV","Camera dei deputati","Azione-IV","Toscana","Toscana - U02","Massa","Cosimo Ferri"
"Azione-IV","Camera dei deputati","Azione-IV","Toscana","Toscana - U03","Lucca","Marco Remaschi"
"Azione-IV","Camera dei deputati","Azione-IV","Toscana","Toscana - U04","Pisa","Michele Passerelli"
"Azione-IV","Camera dei deputati","Azione-IV","Toscana","Toscana - U05","Livorno","Alessandro Cosimi"
"Azione-IV","Camera dei deputati","Azione-IV","Toscana","Toscana - U06","Prato","Edoardo Fanucci"
"Azione-IV","Camera dei deputati","Azione-IV","Toscana","Toscana - U07","Firenze","Lucia Annibali"
"Azione-IV","Camera dei deputati","Azione-IV","Toscana","Toscana - U08","Scandicci","Gabriele Toccafondi"
"Azione-IV","Camera dei deputati","Azione-IV","Toscana","Toscana - U09","Arezzo","Lucia Chierici"
"Azione-IV","Camera dei deputati","Azione-IV","Trentino-Alto Adige/Südtirol","Trentino-Alto Adige/Südtirol -
U01","Trento","Roberto Sani"
"Azione-IV","Camera dei deputati","Azione-IV","Trentino-Alto Adige/Südtirol","Trentino-Alto Adige/Südtirol -
U02","Rovereto","Alessia Tarolli"
"Azione-IV","Camera dei deputati","Azione-IV","Trentino-Alto Adige/Südtirol","Trentino-Alto Adige/Südtirol -
U03","Bolzano/Bozen","Mauro Randi"
"Azione-IV","Camera dei deputati","Azione-IV","Trentino-Alto Adige/Südtirol","Trentino-Alto Adige/Südtirol -
U04","Bressanone/Brixen","Ennio Chiodi"
"Azione-IV","Camera dei deputati","Azione-IV","Umbria","Umbria - U01","Terni","Franco Barbabella"
"Azione-IV","Camera dei deputati","Azione-IV","Umbria","Umbria - U02","Perugia","Carla Casciari"
"Azione-IV","Camera dei deputati","Azione-IV","Valle d'Aosta/Vallée d'Aoste","Valle d'aosta/Vallée d'Aoste -
U01","Aosta","NON INDICATO"
"Azione-IV","Camera dei deputati","Azione-IV","Veneto 1","Veneto 1 - U01","Venezia","Alberto Baban"
"Azione-IV","Camera dei deputati","Azione-IV","Veneto 1","Veneto 1 - U02","Chioggia","Federico Resler"
"Azione-IV","Camera dei deputati","Azione-IV","Veneto 1","Veneto 1 - U03","Treviso","Alessandra Nava"
"Azione-IV","Camera dei deputati","Azione-IV","Veneto 1","Veneto 1 - U04","Castelfranco Veneto","Nadine Tabacchi"
"Azione-IV","Camera dei deputati","Azione-IV","Veneto 1","Veneto 1 - U05","Belluno","Marco Griguolo"
"Azione-IV","Camera dei deputati","Azione-IV","Veneto 2","Veneto 2 - U01","Rovigo","Giacomo Bovolenta"
"Azione-IV","Camera dei deputati","Azione-IV","Veneto 2","Veneto 2 - U02","Selvazzano Dentro","Maria Antonietta Auditore"
"Azione-IV","Camera dei deputati","Azione-IV","Veneto 2","Veneto 2 - U03","Padova","Carlo Pasqualetto"
"Azione-IV","Camera dei deputati","Azione-IV","Veneto 2","Veneto 2 - U04","Bassano del Grappa","Stefano Zausa"
"Azione-IV","Camera dei deputati","Azione-IV","Veneto 2","Veneto 2 - U05","Vicenza","Marica Dalla Valle"
"Azione-IV","Camera dei deputati","Azione-IV","Veneto 2","Veneto 2 - U06","Verona","Maria Francesca Salzani"
"Azione-IV","Camera dei deputati","Azione-IV","Veneto 2","Veneto 2 - U07","Villafranca di Verona","Davide Bendinelli"
